<?xml version="1.0" encoding="UTF-8"?>
<scraperfunctions>
	<GetTADBArtistThumbsByID dest="5" clearbuffers="no">
		<RegExp input="$$1" output="&lt;details&gt;&lt;url function=&quot;ParseTADBArtistThumbs&quot; cache=&quot;tadb-\1-artist.json&quot;&gt;https://www.theaudiodb.com/api/v1/json/58424d43204d6564696120/artist.php?i=\1&lt;/url&gt;&lt;/details&gt;" dest="5">
			<expression noclean="1" />
		</RegExp>
	</GetTADBArtistThumbsByID>
	<GetTADBArtistThumbsByMBID dest="5" clearbuffers="no">
		<RegExp input="$$1" output="&lt;details&gt;&lt;url function=&quot;ParseTADBArtistThumbs&quot; cache=&quot;tadb-\1-artist.json&quot;&gt;https://www.theaudiodb.com/api/v1/json/58424d43204d6564696120/artist-mb.php?i=\1&lt;/url&gt;&lt;/details&gt;" dest="5">
			<expression noclean="1"/>
		</RegExp>
	</GetTADBArtistThumbsByMBID>
	<ParseTADBArtistThumbs dest="5" clearbuffers="no">
		<RegExp input="$$13" output="&lt;details&gt;\1&lt;/details&gt;" dest="5">
			<RegExp input="" output="" dest="13">
				<expression />
			</RegExp>
			<RegExp input="$$1" output="&lt;thumb aspect=&quot;thumb&quot; preview=&quot;\1/preview&quot;&gt;\1&lt;/thumb&gt;" dest="13">
				<expression repeat="yes">strArtistThumb\d?&quot;:&quot;([^&quot;]*)</expression>
			</RegExp>
			<expression noclean="1" />
		</RegExp>
	</ParseTADBArtistThumbs>

	<GetTADBArtistFanartsByID dest="5" clearbuffers="no">
		<RegExp input="$$1" output="&lt;details&gt;&lt;url function=&quot;ParseTADBArtistFanarts&quot; cache=&quot;tadb-\1-artist.json&quot;&gt;https://www.theaudiodb.com/api/v1/json/58424d43204d6564696120/artist.php?i=\1&lt;/url&gt;&lt;/details&gt;" dest="5">
			<expression noclean="1" />
		</RegExp>
	</GetTADBArtistFanartsByID>
	<GetTADBArtistFanartsByMBID dest="5" clearbuffers="no">
		<RegExp input="$$1" output="&lt;details&gt;&lt;url function=&quot;ParseTADBArtistFanarts&quot; cache=&quot;tadb-\1-artist.json&quot;&gt;https://www.theaudiodb.com/api/v1/json/58424d43204d6564696120/artist-mb.php?i=\1&lt;/url&gt;&lt;/details&gt;" dest="5">
			<expression noclean="1"/>
		</RegExp>
	</GetTADBArtistFanartsByMBID>
	<ParseTADBArtistFanarts dest="5" clearbuffers="no">
		<RegExp input="$$13" output="&lt;details&gt;&lt;fanart&gt;\1&lt;/fanart&gt;&lt;/details&gt;" dest="5">
			<RegExp input="" output="" dest="13">
				<expression />
			</RegExp>
			<RegExp input="" output="" dest="14">
				<expression />
			</RegExp>
			<RegExp input="$$1" output="&lt;thumb preview=&quot;\1/preview&quot;&gt;\1&lt;/thumb&gt;" dest="14">
				<expression repeat="yes">strArtistFanart\d?&quot;:&quot;([^&quot;]*)</expression>
			</RegExp>
			<RegExp input="$$14" output="\1" dest="13">
				<expression noclean="1">(.+)</expression>
			</RegExp>
			<expression noclean="1" />
		</RegExp>
	</ParseTADBArtistFanarts>

	<GetTADBArtistClearlogoByID dest="5" clearbuffers="no">
		<RegExp input="$$1" output="&lt;details&gt;&lt;url function=&quot;ParseTADBArtistClearlogo&quot; cache=&quot;tadb-\1-artist.json&quot;&gt;https://www.theaudiodb.com/api/v1/json/58424d43204d6564696120/artist.php?i=\1&lt;/url&gt;&lt;/details&gt;" dest="5">
			<expression noclean="1" />
		</RegExp>
	</GetTADBArtistClearlogoByID>
	<GetTADBArtistClearlogoByMBID dest="5" clearbuffers="no">
		<RegExp input="$$1" output="&lt;details&gt;&lt;url function=&quot;ParseTADBArtistClearlogo&quot; cache=&quot;tadb-\1-artist.json&quot;&gt;https://www.theaudiodb.com/api/v1/json/58424d43204d6564696120/artist-mb.php?i=\1&lt;/url&gt;&lt;/details&gt;" dest="5">
			<expression noclean="1"/>
		</RegExp>
	</GetTADBArtistClearlogoByMBID>
	<ParseTADBArtistClearlogo dest="5" clearbuffers="no">
		<RegExp input="$$13" output="&lt;details&gt;\1&lt;/details&gt;" dest="5">
			<RegExp input="" output="" dest="13">
				<expression />
			</RegExp>
			<RegExp input="" output="" dest="14">
				<expression />
			</RegExp>
			<RegExp input="$$1" output="&lt;thumb aspect=&quot;clearlogo&quot; preview=&quot;\1/preview&quot;&gt;\1&lt;/thumb&gt;" dest="14">
				<expression repeat="yes">strArtistLogo\d?&quot;:&quot;([^&quot;]*)</expression>
			</RegExp>
			<RegExp input="$$14" output="\1" dest="13">
				<expression noclean="1">(.+)</expression>
			</RegExp>
			<expression noclean="1" />
		</RegExp>
	</ParseTADBArtistClearlogo>

	<GetTADBArtistClearartByID dest="5" clearbuffers="no">
		<RegExp input="$$1" output="&lt;details&gt;&lt;url function=&quot;ParseTADBArtistClearart&quot; cache=&quot;tadb-\1-artist.json&quot;&gt;https://www.theaudiodb.com/api/v1/json/58424d43204d6564696120/artist.php?i=\1&lt;/url&gt;&lt;/details&gt;" dest="5">
			<expression noclean="1" />
		</RegExp>
	</GetTADBArtistClearartByID>
	<GetTADBArtistClearartByMBID dest="5" clearbuffers="no">
		<RegExp input="$$1" output="&lt;details&gt;&lt;url function=&quot;ParseTADBArtistClearart&quot; cache=&quot;tadb-\1-artist.json&quot;&gt;https://www.theaudiodb.com/api/v1/json/58424d43204d6564696120/artist-mb.php?i=\1&lt;/url&gt;&lt;/details&gt;" dest="5">
			<expression noclean="1"/>
		</RegExp>
	</GetTADBArtistClearartByMBID>
	<ParseTADBArtistClearart dest="5" clearbuffers="no">
		<RegExp input="$$13" output="&lt;details&gt;\1&lt;/details&gt;" dest="5">
			<RegExp input="" output="" dest="13">
				<expression />
			</RegExp>
			<RegExp input="" output="" dest="14">
				<expression />
			</RegExp>
			<RegExp input="$$1" output="&lt;thumb aspect=&quot;clearart&quot; preview=&quot;\1/preview&quot;&gt;\1&lt;/thumb&gt;" dest="14">
				<expression repeat="yes">strArtistClearart\d?&quot;:&quot;([^&quot;]*)</expression>
			</RegExp>
			<RegExp input="$$14" output="\1" dest="13">
				<expression noclean="1">(.+)</expression>
			</RegExp>
			<expression noclean="1" />
		</RegExp>
	</ParseTADBArtistClearart>

	<GetTADBArtistLandscapeByID dest="5" clearbuffers="no">
		<RegExp input="$$1" output="&lt;details&gt;&lt;url function=&quot;ParseTADBArtistLandscape&quot; cache=&quot;tadb-\1-artist.json&quot;&gt;https://www.theaudiodb.com/api/v1/json/58424d43204d6564696120/artist.php?i=\1&lt;/url&gt;&lt;/details&gt;" dest="5">
			<expression noclean="1" />
		</RegExp>
	</GetTADBArtistLandscapeByID>
	<GetTADBArtistLandscapeByMBID dest="5" clearbuffers="no">
		<RegExp input="$$1" output="&lt;details&gt;&lt;url function=&quot;ParseTADBArtistLandscape&quot; cache=&quot;tadb-\1-artist.json&quot;&gt;https://www.theaudiodb.com/api/v1/json/58424d43204d6564696120/artist-mb.php?i=\1&lt;/url&gt;&lt;/details&gt;" dest="5">
			<expression noclean="1"/>
		</RegExp>
	</GetTADBArtistLandscapeByMBID>
	<ParseTADBArtistLandscape dest="5" clearbuffers="no">
		<RegExp input="$$13" output="&lt;details&gt;\1&lt;/details&gt;" dest="5">
			<RegExp input="" output="" dest="13">
				<expression />
			</RegExp>
			<RegExp input="" output="" dest="14">
				<expression />
			</RegExp>
			<RegExp input="$$1" output="&lt;thumb aspect=&quot;landscape&quot; preview=&quot;\1/preview&quot;&gt;\1&lt;/thumb&gt;" dest="14">
				<expression repeat="yes">strArtistWideThumb\d?&quot;:&quot;([^&quot;]*)</expression>
			</RegExp>
			<RegExp input="$$14" output="\1" dest="13">
				<expression noclean="1">(.+)</expression>
			</RegExp>
			<expression noclean="1" />
		</RegExp>
	</ParseTADBArtistLandscape>

	<GetTADBArtistBannerByID dest="5" clearbuffers="no">
		<RegExp input="$$1" output="&lt;details&gt;&lt;url function=&quot;ParseTADBArtistBanner&quot; cache=&quot;tadb-\1-artist.json&quot;&gt;https://www.theaudiodb.com/api/v1/json/58424d43204d6564696120/artist.php?i=\1&lt;/url&gt;&lt;/details&gt;" dest="5">
			<expression noclean="1" />
		</RegExp>
	</GetTADBArtistBannerByID>
	<GetTADBArtistBannerByMBID dest="5" clearbuffers="no">
		<RegExp input="$$1" output="&lt;details&gt;&lt;url function=&quot;ParseTADBArtistBanner&quot; cache=&quot;tadb-\1-artist.json&quot;&gt;https://www.theaudiodb.com/api/v1/json/58424d43204d6564696120/artist-mb.php?i=\1&lt;/url&gt;&lt;/details&gt;" dest="5">
			<expression noclean="1"/>
		</RegExp>
	</GetTADBArtistBannerByMBID>
	<ParseTADBArtistBanner dest="5" clearbuffers="no">
		<RegExp input="$$13" output="&lt;details&gt;\1&lt;/details&gt;" dest="5">
			<RegExp input="" output="" dest="13">
				<expression />
			</RegExp>
			<RegExp input="" output="" dest="14">
				<expression />
			</RegExp>
			<RegExp input="$$1" output="&lt;thumb aspect=&quot;banner&quot; preview=&quot;\1/preview&quot;&gt;\1&lt;/thumb&gt;" dest="14">
				<expression repeat="yes">strArtistBanner\d?&quot;:&quot;([^&quot;]*)</expression>
			</RegExp>
			<RegExp input="$$14" output="\1" dest="13">
				<expression noclean="1">(.+)</expression>
			</RegExp>
			<expression noclean="1" />
		</RegExp>
	</ParseTADBArtistBanner>

	<GetTADBBiographyByID dest="5" clearbuffers="no">
		<RegExp input="$$1" output="&lt;details&gt;&lt;url function=&quot;ParseTADBBiography&quot; cache=&quot;tadb-\1-artist.json&quot;&gt;https://www.theaudiodb.com/api/v1/json/58424d43204d6564696120/artist.php?i=\1&lt;/url&gt;&lt;/details&gt;" dest="5">
			<expression noclean="1"/>
		</RegExp>
	</GetTADBBiographyByID>
	<GetTADBBiographyByMBID dest="5" clearbuffers="no">
		<RegExp input="$$1" output="&lt;details&gt;&lt;url function=&quot;ParseTADBBiography&quot; cache=&quot;tadb-\1-artist.json&quot;&gt;https://www.theaudiodb.com/api/v1/json/58424d43204d6564696120/artist-mb.php?i=\1&lt;/url&gt;&lt;/details&gt;" dest="5">
			<expression noclean="1"/>
		</RegExp>
	</GetTADBBiographyByMBID>
	<ParseTADBBiography dest="5" clearbuffers="no">
		<RegExp input="$$2" output="&lt;details&gt;\1&lt;/details&gt;" dest="5">
			<RegExp input="" output="" dest="2">
				<expression />
			</RegExp>
			<RegExp input="" output="" dest="11">
				<expression />
			</RegExp>
			<RegExp input="" output="" dest="12">
				<expression />
			</RegExp>
			<RegExp input="$$1" output="\1" dest="11">
				<expression fixchars="1">strBiographyEN&quot;:&quot;(.*?)&quot;,&quot;</expression>
			</RegExp>
			<RegExp input="$$1" output="\1" dest="11">
				<expression fixchars="1">strBiography$INFO[tadbartistlanguage]&quot;:&quot;(.*?)&quot;,&quot;</expression>
			</RegExp>
			<RegExp input="$$11" output="$$12" dest="2">
				<RegExp input="$INFO[biogfbsource]" output="&lt;chain function=&quot;GetAMGFallbackBiographyByAMGID&quot;&gt;$$9&lt;/chain&gt;" dest="12">
					<expression>allmusic.com</expression>
				</RegExp>
				<expression>^$</expression>
			</RegExp>
			<RegExp input="$$11" output="&lt;biography&gt;\1&lt;/biography&gt;" dest="2">
				<expression>(.+)</expression>
			</RegExp>
			<expression noclean="1"/>
		</RegExp>
	</ParseTADBBiography>

	<GetTADBFMFallbackBiographyByMBID dest="5" clearbuffers="no">
		<RegExp input="$$1" output="&lt;details&gt;&lt;url function=&quot;ParseTADBFallbackBiography&quot; cache=&quot;tadb-\1-artist.json&quot;&gt;https://www.theaudiodb.com/api/v1/json/58424d43204d6564696120/artist-mb.php?i=\1&lt;/url&gt;&lt;/details&gt;" dest="5">
			<expression noclean="1"/>
		</RegExp>
	</GetTADBFMFallbackBiographyByMBID>
	<ParseTADBFallbackBiography dest="5" clearbuffers="no">
		<RegExp input="$$2" output="&lt;details&gt;\1&lt;/details&gt;" dest="5">
			<RegExp input="" output="" dest="2">
				<expression />
			</RegExp>
			<RegExp input="$$1" output="&lt;biography&gt;\1&lt;/biography&gt;" dest="2">
				<expression fixchars="1">strBiographyen&quot;:&quot;(.*?)&quot;,&quot;</expression>
			</RegExp>
			<RegExp input="$$1" output="\1" dest="2">
				<expression fixchars="1">strBiography$INFO[tadbartistlanguage]&quot;:&quot;(.*?)&quot;,&quot;</expression>
			</RegExp>
			<expression noclean="1"/>
		</RegExp>
	</ParseTADBFallbackBiography>

	<GetTADBDiscographyByID dest="5" clearbuffers="no">
		<RegExp input="$$1" output="&lt;details&gt;&lt;url function=&quot;ParseTADBDiscography&quot;&gt;https://www.theaudiodb.com/api/v1/json/58424d43204d6564696120/album.php?i=\1&lt;/url&gt;&lt;/details&gt;" dest="5">
			<expression noclean="1" />
		</RegExp>
	</GetTADBDiscographyByID>
	<GetTADBDiscographyByMBID dest="5" clearbuffers="no">
		<RegExp input="$$1" output="&lt;details&gt;&lt;url function=&quot;ParseTADBDiscography&quot;&gt;https://www.theaudiodb.com/api/v1/json/58424d43204d6564696120/discography-mb.php?s=\1&lt;/url&gt;&lt;/details&gt;" dest="5">
			<expression noclean="1" />
		</RegExp>
	</GetTADBDiscographyByMBID>
	<ParseTADBDiscography dest="5" clearbuffers="no">
		<RegExp input="$$2" output="&lt;details&gt;\1&lt;/details&gt;" dest="5">
			<RegExp input="" output="" dest="2">
				<expression />
			</RegExp>
			<RegExp input="$$1" output="&lt;album&gt;&lt;year&gt;\2&lt;/year&gt;&lt;title&gt;\1&lt;/title&gt;&lt;/album&gt;" dest="2">
				<expression repeat="yes" clear="yes" fixchars="1" noclean="1">strAlbum&quot;:&quot;([^&quot;]*)&quot;,&quot;intYearReleased&quot;:&quot;([^&quot;]*)</expression>
			</RegExp>
			<expression noclean="1" />
		</RegExp>
	</ParseTADBDiscography>

	<GetTADBLifeSpanByID dest="5" clearbuffers="no">
		<RegExp input="$$1" output="&lt;details&gt;&lt;url function=&quot;ParseTADBLifeSpan&quot; cache=&quot;tadb-\1-artist.json&quot;&gt;https://www.theaudiodb.com/api/v1/json/58424d43204d6564696120/artist.php?i=\1&lt;/url&gt;&lt;/details&gt;" dest="5">
			<expression noclean="1" />
		</RegExp>
	</GetTADBLifeSpanByID>
	<GetTADBLifeSpanByMBID dest="5" clearbuffers="no">
		<RegExp input="$$1" output="&lt;details&gt;&lt;url function=&quot;ParseTADBLifeSpan&quot; cache=&quot;tadb-\1-artist.json&quot;&gt;https://www.theaudiodb.com/api/v1/json/58424d43204d6564696120/artist-mb.php?i=\1&lt;/url&gt;&lt;/details&gt;" dest="5">
			<expression noclean="1"/>
		</RegExp>
	</GetTADBLifeSpanByMBID>
	<ParseTADBLifeSpan dest="5" clearbuffers="no">
		<RegExp input="$$2" output="&lt;details&gt;\1&lt;/details&gt;" dest="5">
			<RegExp input="" output="" dest="2">
				<expression />
			</RegExp>
			<RegExp input="" output="" dest="11">
				<expression />
			</RegExp>
			<RegExp input="" output="" dest="12">
				<expression />
			</RegExp>
			<RegExp input="$$1" output="&lt;formed&gt;\2 (\1)&lt;/formed&gt;" dest="11">
				<expression fixchars="2" noclean="1">intFormedYear&quot;:&quot;([^&quot;]*).*?strCountry&quot;:&quot;([^&quot;]*)</expression>
			</RegExp>
			<RegExp input="$$1" output="&lt;disbanded&gt;\1&lt;/disbanded&gt;" dest="11+">
				<expression noclean="1">strDisbanded&quot;:&quot;([^&quot;]*)</expression>
			</RegExp>
			<RegExp input="$$1" output="&lt;born&gt;\2 (\1)&lt;/born&gt;" dest="11">
				<expression fixchars="2" noclean="1">intBornYear&quot;:&quot;([^&quot;]*).*?strCountry&quot;:&quot;([^&quot;]*)</expression>
			</RegExp>
			<RegExp input="$$1" output="&lt;died&gt;\1&lt;/died&gt;" dest="11+">
				<expression noclean="1">intDiedYear&quot;:&quot;([^&quot;]*)</expression>
			</RegExp>
			<RegExp input="$$11" output="$$12" dest="2">
				<RegExp input="$INFO[lifespanfbsource]" output="&lt;chain function=&quot;GetMBFallbackLafeSpanByMBID&quot;&gt;$$8&lt;/chain&gt;" dest="12">
					<expression>MusicBrainz</expression>
				</RegExp>
				<RegExp input="$INFO[lifespanfbsource]" output="&lt;chain function=&quot;GetAMGFallbackArtistLifeSpanByAMGID&quot;&gt;$$9&lt;/chain&gt;" dest="12">
					<expression>allmusic.com</expression>
				</RegExp>
			<expression>^$</expression>
			</RegExp>
			<RegExp input="$$11" output="$$11" dest="2">
				<expression noclean="1">&lt;(?:born|formed)*&gt;(.+)&lt;/(?:born|formed)*&gt;</expression>
			</RegExp>
			<expression noclean="1"/>
		</RegExp>
	</ParseTADBLifeSpan>

	<GetTADBFallbackLifeSpanByMBID dest="5" clearbuffers="no">
		<RegExp input="$$1" output="&lt;details&gt;&lt;url function=&quot;ParseTADBFallbackLifeSpan&quot; cache=&quot;tadb-\1-artist.json&quot;&gt;https://www.theaudiodb.com/api/v1/json/58424d43204d6564696120/artist-mb.php?i=\1&lt;/url&gt;&lt;/details&gt;" dest="5">
			<expression noclean="1"/>
		</RegExp>
	</GetTADBFallbackLifeSpanByMBID>
	<ParseTADBFallbackLifeSpan dest="5" clearbuffers="no">
		<RegExp input="$$2" output="&lt;details&gt;\1&lt;/details&gt;" dest="5">
			<RegExp input="" output="" dest="2">
				<expression />
			</RegExp>
			<RegExp input="" output="" dest="11">
				<expression />
			</RegExp>
			<RegExp input="" output="" dest="12">
				<expression />
			</RegExp>
			<RegExp input="$$1" output="&lt;formed&gt;\2 (\1)&lt;/formed&gt;" dest="11">
				<expression fixchars="2" noclean="1">intFormedYear&quot;:&quot;([^&quot;]*).*?strCountry&quot;:&quot;([^&quot;]*)</expression>
			</RegExp>
			<RegExp input="$$1" output="&lt;disbanded&gt;\1&lt;/disbanded&gt;" dest="11+">
				<expression noclean="1">strDisbanded&quot;:&quot;([^&quot;]*)</expression>
			</RegExp>
			<RegExp input="$$1" output="&lt;born&gt;\2 (\1)&lt;/born&gt;" dest="11">
				<expression fixchars="2" noclean="1">intBornYear&quot;:&quot;([^&quot;]*).*?strCountry&quot;:&quot;([^&quot;]*)</expression>
			</RegExp>
			<RegExp input="$$1" output="&lt;died&gt;\1&lt;/died&gt;" dest="11+">
				<expression noclean="1">intDiedYear&quot;:&quot;([^&quot;]*)</expression>
			</RegExp>
			<RegExp input="$$11" output="$$11" dest="2">
				<expression noclean="1">&lt;(?:born|formed)*&gt;(.+)&lt;/(?:born|formed)*&gt;</expression>
			</RegExp>
			<expression noclean="1"/>
		</RegExp>
	</ParseTADBFallbackLifeSpan>

	<GetTADBArtistGenresByID dest="5" clearbuffers="no">
		<RegExp input="$$1" output="&lt;details&gt;&lt;url function=&quot;ParseTADBArtistGenres&quot; cache=&quot;tadb-\1-artist.json&quot;&gt;https://www.theaudiodb.com/api/v1/json/58424d43204d6564696120/artist.php?i=\1&lt;/url&gt;&lt;/details&gt;" dest="5">
			<expression noclean="1"/>
		</RegExp>
	</GetTADBArtistGenresByID>
	<GetTADBArtistGenresByMBID dest="5" clearbuffers="no">
		<RegExp input="$$1" output="&lt;details&gt;&lt;url function=&quot;ParseTADBArtistGenres&quot; cache=&quot;tadb-\1-artist.json&quot;&gt;https://www.theaudiodb.com/api/v1/json/58424d43204d6564696120/artist-mb.php?i=\1&lt;/url&gt;&lt;/details&gt;" dest="5">
			<expression noclean="1"/>
		</RegExp>
	</GetTADBArtistGenresByMBID>
	<ParseTADBArtistGenres dest="5" clearbuffers="no">
		<RegExp input="$$2" output="&lt;details&gt;\1&lt;/details&gt;" dest="5">
			<RegExp input="" output="" dest="2">
				<expression />
			</RegExp>
			<RegExp input="" output="" dest="11">
				<expression />
			</RegExp>
			<RegExp input="" output="" dest="12">
				<expression />
			</RegExp>
			<RegExp input="$$1" output="\1" dest="11">
				<expression fixchars="1">strGenre&quot;:&quot;([^&quot;]*)</expression>
			</RegExp>
			<RegExp input="$$11" output="$$12" dest="2">
				<RegExp input="$INFO[genresfbsource]" output="&lt;chain function=&quot;GetAMGFallbackArtistGenresByAMGID&quot;&gt;$$9&lt;/chain&gt;" dest="12">
					<expression>allmusic.com</expression>
				</RegExp>
				<expression>^$</expression>
			</RegExp>
			<RegExp input="$$11" output="&lt;genre&gt;\1&lt;/genre&gt;" dest="2">
				<expression>(.+)</expression>
			</RegExp>
			<expression noclean="1" />
		</RegExp>
	</ParseTADBArtistGenres>

	<GetTADBFallbackArtistGenresByMBID dest="5" clearbuffers="no">
		<RegExp input="$$1" output="&lt;details&gt;&lt;url function=&quot;ParseTADBFallbackArtistGenres&quot; cache=&quot;tadb-\1-artist.json&quot;&gt;https://www.theaudiodb.com/api/v1/json/58424d43204d6564696120/artist-mb.php?i=\1&lt;/url&gt;&lt;/details&gt;" dest="5">
			<expression noclean="1"/>
		</RegExp>
	</GetTADBFallbackArtistGenresByMBID>
	<ParseTADBFallbackArtistGenres dest="5" clearbuffers="no">
		<RegExp input="$$2" output="&lt;details&gt;\1&lt;/details&gt;" dest="5">
			<RegExp input="" output="" dest="2">
				<expression />
			</RegExp>
			<RegExp input="$$1" output="&lt;genre&gt;\1&lt;/genre&gt;" dest="2">
				<expression noclean="1">strGenre&quot;:&quot;([^&quot;]*)</expression>
			</RegExp>
			<expression noclean="1" />
		</RegExp>
	</ParseTADBFallbackArtistGenres>

	<GetTADBArtistMoodsByID dest="5" clearbuffers="no">
		<RegExp input="$$1" output="&lt;details&gt;&lt;url function=&quot;ParseTADBArtistMoods&quot; cache=&quot;tadb-\1-artist.json&quot;&gt;https://www.theaudiodb.com/api/v1/json/58424d43204d6564696120/artist.php?i=\1&lt;/url&gt;&lt;/details&gt;" dest="5">
			<expression noclean="1"/>
		</RegExp>
	</GetTADBArtistMoodsByID>
	<GetTADBArtistMoodsByMBID dest="5" clearbuffers="no">
		<RegExp input="$$1" output="&lt;details&gt;&lt;url function=&quot;ParseTADBArtistMoods&quot; cache=&quot;tadb-\1-artist.json&quot;&gt;https://www.theaudiodb.com/api/v1/json/58424d43204d6564696120/artist-mb.php?i=\1&lt;/url&gt;&lt;/details&gt;" dest="5">
			<expression noclean="1"/>
		</RegExp>
	</GetTADBArtistMoodsByMBID>
	<ParseTADBArtistMoods dest="5" clearbuffers="no">
		<RegExp input="$$2" output="&lt;details&gt;\1&lt;/details&gt;" dest="5">
			<RegExp input="" output="" dest="2">
				<expression />
			</RegExp>
			<RegExp input="" output="" dest="11">
				<expression />
			</RegExp>
			<RegExp input="" output="" dest="12">
				<expression />
			</RegExp>
			<RegExp input="$$1" output="\1" dest="11">
				<expression fixchars="1">strMood&quot;:&quot;([^&quot;]*)</expression>
			</RegExp>
			<RegExp input="$$11" output="$$12" dest="2">
				<RegExp input="$INFO[moodsfbsource]" output="&lt;chain function=&quot;GetAMGFallbackArtistMoodsByAMGID&quot;&gt;$$9&lt;/chain&gt;" dest="12">
					<expression>allmusic.com</expression>
				</RegExp>
				<expression>^$</expression>
			</RegExp>
			<RegExp input="$$11" output="&lt;mood&gt;\1&lt;/mood&gt;" dest="2">
				<expression>(.+)</expression>
			</RegExp>
			<expression noclean="1" />
		</RegExp>
	</ParseTADBArtistMoods>

	<GetTADBFallbackArtistMoodsByMBID dest="5" clearbuffers="no">
		<RegExp input="$$1" output="&lt;details&gt;&lt;url function=&quot;ParseTADBFallbackArtistMoods&quot; cache=&quot;tadb-\1-artist.json&quot;&gt;https://www.theaudiodb.com/api/v1/json/58424d43204d6564696120/artist-mb.php?i=\1&lt;/url&gt;&lt;/details&gt;" dest="5">
			<expression noclean="1"/>
		</RegExp>
	</GetTADBFallbackArtistMoodsByMBID>
	<ParseTADBFallbackArtistMoods dest="5" clearbuffers="no">
		<RegExp input="$$2" output="&lt;details&gt;\1&lt;/details&gt;" dest="5">
			<RegExp input="" output="" dest="2">
				<expression />
			</RegExp>
			<RegExp input="$$1" output="&lt;mood&gt;\1&lt;/mood&gt;" dest="2">
				<expression noclean="1">strMood&quot;:&quot;([^&quot;]*)</expression>
			</RegExp>
			<expression noclean="1" />
		</RegExp>
	</ParseTADBFallbackArtistMoods>

	<GetTADBArtistStylesByID dest="5" clearbuffers="no">
		<RegExp input="$$1" output="&lt;details&gt;&lt;url function=&quot;ParseTADBArtistStyles&quot; cache=&quot;tadb-\1-artist.json&quot;&gt;https://www.theaudiodb.com/api/v1/json/58424d43204d6564696120/artist.php?i=\1&lt;/url&gt;&lt;/details&gt;" dest="5">
			<expression noclean="1"/>
		</RegExp>
	</GetTADBArtistStylesByID>
	<GetTADBArtistStylesByMBID dest="5" clearbuffers="no">
		<RegExp input="$$1" output="&lt;details&gt;&lt;url function=&quot;ParseTADBArtistStyles&quot; cache=&quot;tadb-\1-artist.json&quot;&gt;https://www.theaudiodb.com/api/v1/json/58424d43204d6564696120/artist-mb.php?i=\1&lt;/url&gt;&lt;/details&gt;" dest="5">
			<expression noclean="1"/>
		</RegExp>
	</GetTADBArtistStylesByMBID>
	<ParseTADBArtistStyles dest="5" clearbuffers="no">
		<RegExp input="$$2" output="&lt;details&gt;\1&lt;/details&gt;" dest="5">
			<RegExp input="" output="" dest="2">
				<expression />
			</RegExp>
			<RegExp input="" output="" dest="11">
				<expression />
			</RegExp>
			<RegExp input="" output="" dest="12">
				<expression />
			</RegExp>
			<RegExp input="$$1" output="\1" dest="11">
				<expression fixchars="1">strStyle&quot;:&quot;([^&quot;]*)</expression>
			</RegExp>
			<RegExp input="$$11" output="$$12" dest="2">
				<RegExp input="$INFO[stylesfbsource]" output="&lt;chain function=&quot;GetAMGFallbackArtistStylesByAMGID&quot;&gt;$$9&lt;/chain&gt;" dest="12">
					<expression>allmusic.com</expression>
				</RegExp>
				<expression>^$</expression>
			</RegExp>
			<RegExp input="$$11" output="&lt;style&gt;\1&lt;/style&gt;" dest="2">
				<expression>(.+)</expression>
			</RegExp>
			<expression noclean="1" />
		</RegExp>
	</ParseTADBArtistStyles>

	<GetTADBFallbackArtistStylesByMBID dest="5" clearbuffers="no">
		<RegExp input="$$1" output="&lt;details&gt;&lt;url function=&quot;ParseTADBFallbackArtistStyles&quot; cache=&quot;tadb-\1-artist.json&quot;&gt;https://www.theaudiodb.com/api/v1/json/58424d43204d6564696120/artist-mb.php?i=\1&lt;/url&gt;&lt;/details&gt;" dest="5">
			<expression noclean="1"/>
		</RegExp>
	</GetTADBFallbackArtistStylesByMBID>
	<ParseTADBFallbackArtistStyles dest="5" clearbuffers="no">
		<RegExp input="$$2" output="&lt;details&gt;\1&lt;/details&gt;" dest="5">
			<RegExp input="" output="" dest="2">
				<expression />
			</RegExp>
			<RegExp input="$$1" output="&lt;style&gt;\1&lt;/style&gt;" dest="2">
				<expression noclean="1">strStyle&quot;:&quot;([^&quot;]*)</expression>
			</RegExp>
			<expression noclean="1" />
		</RegExp>
	</ParseTADBFallbackArtistStyles>

	<GetTADBAlbumReviewByID dest="5">
		<RegExp input="$$1" output="&lt;details&gt;&lt;url function=&quot;ParseTADBAlbumReview&quot; cache=&quot;tadb-\1-album.json&quot;&gt;https://www.theaudiodb.com/api/v1/json/58424d43204d6564696120/album.php?m=\1&lt;/url&gt;&lt;/details&gt;" dest="5">
			<expression noclean="1"/>
		</RegExp>
	</GetTADBAlbumReviewByID>
	<GetTADBAlbumReviewByMBID dest="5" clearbuffers="no">
		<RegExp input="$$1" output="&lt;details&gt;&lt;url function=&quot;ParseTADBAlbumReview&quot;&gt;https://www.theaudiodb.com/api/v1/json/58424d43204d6564696120/album-mb.php?i=\1&lt;/url&gt;&lt;/details&gt;" dest="5">
			<expression noclean="1"/>
		</RegExp>
	</GetTADBAlbumReviewByMBID>
	<ParseTADBAlbumReview dest="5">
		<RegExp input="$$2" output="&lt;details&gt;\1&lt;/details&gt;" dest="5">
			<RegExp input="$$1" output="&lt;review&gt;\1&lt;/review&gt;" dest="2">
				<expression fixchars="1">strDescriptionEN&quot;:&quot;(.*?)&quot;,&quot;</expression>
			</RegExp>
			<RegExp input="$$1" output="&lt;review&gt;\1&lt;/review&gt;" dest="2">
				<expression fixchars="1">strDescription$INFO[tadbalbumlanguage]&quot;:&quot;(.*?)&quot;,&quot;</expression>
			</RegExp>
			<expression noclean="1" />
		</RegExp>
	</ParseTADBAlbumReview>

	<GetTADBAlbumRating dest="5">
		<RegExp input="$$1" output="&lt;details&gt;&lt;url function=&quot;ParseTADBAlbumRating&quot; cache=&quot;tadb-\1-album.json&quot;&gt;https://www.theaudiodb.com/api/v1/json/58424d43204d6564696120/album.php?m=\1&lt;/url&gt;&lt;/details&gt;" dest="5">
			<expression noclean="1"/>
		</RegExp>
	</GetTADBAlbumRating>
	<GetTADBAlbumRatingByMBID dest="5" clearbuffers="no">
		<RegExp input="$$1" output="&lt;details&gt;&lt;url function=&quot;ParseTADBAlbumRating&quot;&gt;https://www.theaudiodb.com/api/v1/json/58424d43204d6564696120/album-mb.php?i=\1&lt;/url&gt;&lt;/details&gt;" dest="5">
			<expression noclean="1"/>
		</RegExp>
	</GetTADBAlbumRatingByMBID>
	<ParseTADBAlbumRating dest="5">
		<RegExp input="$$2" output="&lt;details&gt;\1&lt;/details&gt;" dest="5">
			<RegExp input="$$1" output="&lt;rating&gt;\1&lt;/rating&gt;" dest="2">
				<expression fixchars="1">intScore&quot;:&quot;(.*?)&quot;,&quot;</expression>
			</RegExp>
			<expression noclean="1" />
		</RegExp>
	</ParseTADBAlbumRating>

	<GetTADBAlbumTitleByID dest="5">
		<RegExp input="$$1" output="&lt;details&gt;&lt;url function=&quot;ParseTADBAlbumTitle&quot; cache=&quot;tadb-\1-album.json&quot;&gt;https://www.theaudiodb.com/api/v1/json/58424d43204d6564696120/album.php?m=\1&lt;/url&gt;&lt;/details&gt;" dest="5">
			<expression noclean="1"/>
		</RegExp>
	</GetTADBAlbumTitleByID>
	<ParseTADBAlbumTitle dest="5">
		<RegExp input="$$2" output="&lt;details&gt;\1&lt;/details&gt;" dest="5">
			<RegExp input="$$1" output="&lt;title&gt;\1&lt;/title&gt;" dest="2">
				<expression noclean="1">strAlbum&quot;:&quot;([^&quot;]*)</expression>
			</RegExp>
			<expression noclean="1" />
		</RegExp>
	</ParseTADBAlbumTitle>

	<GetTADBAlbumArtistByID dest="5">
		<RegExp input="$$1" output="&lt;details&gt;&lt;url function=&quot;ParseTADBAlbumArtist&quot; cache=&quot;tadb-\1-album.json&quot;&gt;https://www.theaudiodb.com/api/v1/json/58424d43204d6564696120/album.php?m=\1&lt;/url&gt;&lt;/details&gt;" dest="5">
			<expression noclean="1"/>
		</RegExp>
	</GetTADBAlbumArtistByID>
	<ParseTADBAlbumArtist dest="5">
		<RegExp input="$$2" output="&lt;details&gt;\1&lt;/details&gt;" dest="5">
			<RegExp input="$$1" output="&lt;artist&gt;\1&lt;/artist&gt;" dest="2">
				<expression noclean="1">strArtist&quot;:&quot;([^&quot;]*)</expression>
			</RegExp>
			<expression noclean="1" />
		</RegExp>
	</ParseTADBAlbumArtist>

	<GetTADBAlbumDateByID dest="5">
		<RegExp input="$$1" output="&lt;details&gt;&lt;url function=&quot;ParseTADBAlbumDate&quot; cache=&quot;tadb-\1-album.json&quot;&gt;https://www.theaudiodb.com/api/v1/json/58424d43204d6564696120/album.php?m=\1&lt;/url&gt;&lt;/details&gt;" dest="5">
			<expression noclean="1"/>
		</RegExp>
	</GetTADBAlbumDateByID>
	<GetTADBAlbumDateByMBID dest="5">
		<RegExp input="$$1" output="&lt;details&gt;&lt;url function=&quot;ParseTADBAlbumDate&quot; cache=&quot;tadb-\1-album.json&quot;&gt;https://www.theaudiodb.com/api/v1/json/58424d43204d6564696120/album-mb.php?i=\1&lt;/url&gt;&lt;/details&gt;" dest="5">
			<expression noclean="1"/>
		</RegExp>
	</GetTADBAlbumDateByMBID>
	<ParseTADBAlbumDate dest="5">
		<RegExp input="$$2" output="&lt;details&gt;\1&lt;/details&gt;" dest="5">
			<RegExp input="$$1" output="&lt;year&gt;\1&lt;/year&gt;" dest="2">
				<expression noclean="1">intYearReleased&quot;:&quot;([^&quot;]*)</expression>
			</RegExp>
			<expression noclean="1" />
		</RegExp>
	</ParseTADBAlbumDate>

	<GetTADBAlbumGenresByID dest="5">
		<RegExp input="$$1" output="&lt;details&gt;&lt;url function=&quot;ParseTADBAlbumGenres&quot; cache=&quot;tadb-\1-album.json&quot;&gt;https://www.theaudiodb.com/api/v1/json/58424d43204d6564696120/album.php?m=\1&lt;/url&gt;&lt;/details&gt;" dest="5">
			<expression noclean="1"/>
		</RegExp>
	</GetTADBAlbumGenresByID>
	<GetTADBAlbumGenresByMBID dest="5">
		<RegExp input="$$1" output="&lt;details&gt;&lt;url function=&quot;ParseTADBAlbumGenres&quot; cache=&quot;tadb-\1-album.json&quot;&gt;https://www.theaudiodb.com/api/v1/json/58424d43204d6564696120/album-mb.php?i=\1&lt;/url&gt;&lt;/details&gt;" dest="5">
			<expression noclean="1"/>
		</RegExp>
	</GetTADBAlbumGenresByMBID>
	<ParseTADBAlbumGenres dest="5">
		<RegExp input="$$2" output="&lt;details&gt;\1&lt;/details&gt;" dest="5">
			<RegExp input="$$1" output="&lt;genre&gt;\1&lt;/genre&gt;" dest="2">
				<expression noclean="1">strGenre&quot;:&quot;([^&quot;]*)</expression>
			</RegExp>
			<expression noclean="1" />
		</RegExp>
	</ParseTADBAlbumGenres>

	<GetTADBAlbumMoodsByID dest="5">
		<RegExp input="$$1" output="&lt;details&gt;&lt;url function=&quot;ParseTADBAlbumMoods&quot; cache=&quot;tadb-\1-album.json&quot;&gt;https://www.theaudiodb.com/api/v1/json/58424d43204d6564696120/album.php?m=\1&lt;/url&gt;&lt;/details&gt;" dest="5">
			<expression noclean="1"/>
		</RegExp>
	</GetTADBAlbumMoodsByID>
	<GetTADBAlbumMoodsByMBID dest="5">
		<RegExp input="$$1" output="&lt;details&gt;&lt;url function=&quot;ParseTADBAlbumMoods&quot; cache=&quot;tadb-\1-album.json&quot;&gt;https://www.theaudiodb.com/api/v1/json/58424d43204d6564696120/album-mb.php?i=\1&lt;/url&gt;&lt;/details&gt;" dest="5">
			<expression noclean="1"/>
		</RegExp>
	</GetTADBAlbumMoodsByMBID>
	<ParseTADBAlbumMoods dest="5">
		<RegExp input="$$2" output="&lt;details&gt;\1&lt;/details&gt;" dest="5">
			<RegExp input="$$1" output="&lt;mood&gt;\1&lt;/mood&gt;" dest="2">
				<expression noclean="1">strMood&quot;:&quot;([^&quot;]*)</expression>
			</RegExp>
			<expression noclean="1" />
		</RegExp>
	</ParseTADBAlbumMoods>

	<GetTADBAlbumStylesByID dest="5">
		<RegExp input="$$1" output="&lt;details&gt;&lt;url function=&quot;ParseTADBAlbumStyles&quot; cache=&quot;tadb-\1-album.json&quot;&gt;https://www.theaudiodb.com/api/v1/json/58424d43204d6564696120/album.php?m=\1&lt;/url&gt;&lt;/details&gt;" dest="5">
			<expression noclean="1"/>
		</RegExp>
	</GetTADBAlbumStylesByID>
	<GetTADBAlbumStylesByMBID dest="5">
		<RegExp input="$$1" output="&lt;details&gt;&lt;url function=&quot;ParseTADBAlbumStyles&quot; cache=&quot;tadb-\1-album.json&quot;&gt;https://www.theaudiodb.com/api/v1/json/58424d43204d6564696120/album-mb.php?i=\1&lt;/url&gt;&lt;/details&gt;" dest="5">
			<expression noclean="1"/>
		</RegExp>
	</GetTADBAlbumStylesByMBID>
	<ParseTADBAlbumStyles dest="5">
		<RegExp input="$$2" output="&lt;details&gt;\1&lt;/details&gt;" dest="5">
			<RegExp input="$$1" output="&lt;style&gt;\1&lt;/style&gt;" dest="2">
				<expression noclean="1">strStyle&quot;:&quot;([^&quot;]*)</expression>
			</RegExp>
			<expression noclean="1" />
		</RegExp>
	</ParseTADBAlbumStyles>

	<GetTADBAlbumThemeByID dest="5">
		<RegExp input="$$1" output="&lt;details&gt;&lt;url function=&quot;ParseTADBAlbumTheme&quot; cache=&quot;tadb-\1-album.json&quot;&gt;https://www.theaudiodb.com/api/v1/json/58424d43204d6564696120/album.php?m=\1&lt;/url&gt;&lt;/details&gt;" dest="5">
			<expression noclean="1"/>
		</RegExp>
	</GetTADBAlbumThemeByID>
	<GetTADBAlbumThemeByMBID dest="5">
		<RegExp input="$$1" output="&lt;details&gt;&lt;url function=&quot;ParseTADBAlbumTheme&quot; cache=&quot;tadb-\1-album.json&quot;&gt;https://www.theaudiodb.com/api/v1/json/58424d43204d6564696120/album-mb.php?i=\1&lt;/url&gt;&lt;/details&gt;" dest="5">
			<expression noclean="1"/>
		</RegExp>
	</GetTADBAlbumThemeByMBID>
	<ParseTADBAlbumTheme dest="5">
		<RegExp input="$$2" output="&lt;details&gt;\1&lt;/details&gt;" dest="5">
			<RegExp input="$$1" output="&lt;theme&gt;\1&lt;/theme&gt;" dest="2">
				<expression noclean="1">strTheme&quot;:&quot;([^&quot;]*)</expression>
			</RegExp>
			<expression noclean="1" />
		</RegExp>
	</ParseTADBAlbumTheme>

	<GetTADBAlbumTracksByID dest="5">
		<RegExp input="$$1" output="&lt;details&gt;&lt;url function=&quot;ParseTADBAlbumTracks&quot;&gt;https://www.theaudiodb.com/api/v1/json/58424d43204d6564696120/track.php?m=\1&lt;/details&gt;" dest="5">
			<expression noclean="1"/>
		</RegExp>
	</GetTADBAlbumTracksByID>
	<ParseTADBAlbumTracks dest="5">
		<RegExp input="$$2" output="&lt;details&gt;\1&lt;/details&gt;" dest="5">
			<RegExp input="$$1" output="&lt;track&gt;&lt;position&gt;\3&lt;/position&gt;&lt;title&gt;\1&lt;/title&gt;&lt;duration&gt;\2&lt;/duration&gt;&lt;/track&gt;" dest="2">
				<expression repeat="yes" trim="1" noclean="1,2,3">strTrack":"([^"]*)",".*?intCD".*?"intDuration":"(\d*?)\d{3}".*?intTrackNumber":"([^"]*)"</expression>
			</RegExp>
			<expression noclean="1" />
		</RegExp>
	</ParseTADBAlbumTracks>

	<GetTADBAlbumThumbsByID dest="5">
		<RegExp input="$$1" output="&lt;details&gt;&lt;url function=&quot;ParseTADBAlbumThumbs&quot; cache=&quot;tadb-\1-album.json&quot;&gt;https://www.theaudiodb.com/api/v1/json/58424d43204d6564696120/album.php?m=\1&lt;/url&gt;&lt;/details&gt;" dest="5">
			<expression noclean="1"/>
		</RegExp>
	</GetTADBAlbumThumbsByID>
	<GetTADBAlbumThumbsByMBID dest="5">
		<RegExp input="$$1" output="&lt;details&gt;&lt;url function=&quot;ParseTADBAlbumThumbs&quot; cache=&quot;tadb-\1-album.json&quot;&gt;https://www.theaudiodb.com/api/v1/json/58424d43204d6564696120/album-mb.php?i=\1&lt;/url&gt;&lt;/details&gt;" dest="5">
			<expression noclean="1"/>
		</RegExp>
	</GetTADBAlbumThumbsByMBID>
	<ParseTADBAlbumThumbs dest="5">
		<RegExp input="$$2" output="&lt;details&gt;\1&lt;/details&gt;" dest="5">
			<RegExp input="$$1" output="&lt;thumb preview=&quot;\1/preview&quot;&gt;\1&lt;/thumb&gt;" dest="2">
				<expression repeat="yes">strAlbumThumb\d?&quot;:&quot;([^&quot;]*)</expression>
			</RegExp>
			<expression noclean="1" />
		</RegExp>
	</ParseTADBAlbumThumbs>

	<GetTADBAlbumBackByID dest="5">
		<RegExp input="$$1" output="&lt;details&gt;&lt;url function=&quot;ParseTADBAlbumBack&quot; cache=&quot;tadb-\1-album.json&quot;&gt;https://www.theaudiodb.com/api/v1/json/58424d43204d6564696120/album.php?m=\1&lt;/url&gt;&lt;/details&gt;" dest="5">
			<expression noclean="1"/>
		</RegExp>
	</GetTADBAlbumBackByID>
	<GetTADBAlbumBackByMBID dest="5">
		<RegExp input="$$1" output="&lt;details&gt;&lt;url function=&quot;ParseTADBAlbumBack&quot; cache=&quot;tadb-\1-album.json&quot;&gt;https://www.theaudiodb.com/api/v1/json/58424d43204d6564696120/album-mb.php?i=\1&lt;/url&gt;&lt;/details&gt;" dest="5">
			<expression noclean="1"/>
		</RegExp>
	</GetTADBAlbumBackByMBID>
	<ParseTADBAlbumBack dest="5">
		<RegExp input="$$2" output="&lt;details&gt;\1&lt;/details&gt;" dest="5">
			<RegExp input="$$1" output="&lt;thumb aspect=&quot;back&quot; preview=&quot;\1/preview&quot;&gt;\1&lt;/thumb&gt;" dest="2">
				<expression repeat="yes">strAlbumThumbBack\d?&quot;:&quot;([^&quot;]*)</expression>
			</RegExp>
			<expression noclean="1" />
		</RegExp>
	</ParseTADBAlbumBack>

	<GetTADBAlbumDiscartByID dest="5">
		<RegExp input="$$1" output="&lt;details&gt;&lt;url function=&quot;ParseTADBAlbumDiscart&quot; cache=&quot;tadb-\1-album.json&quot;&gt;https://www.theaudiodb.com/api/v1/json/58424d43204d6564696120/album.php?m=\1&lt;/url&gt;&lt;/details&gt;" dest="5">
			<expression noclean="1"/>
		</RegExp>
	</GetTADBAlbumDiscartByID>
	<GetTADBAlbumDiscartByMBID dest="5">
		<RegExp input="$$1" output="&lt;details&gt;&lt;url function=&quot;ParseTADBAlbumDiscart&quot; cache=&quot;tadb-\1-album.json&quot;&gt;https://www.theaudiodb.com/api/v1/json/58424d43204d6564696120/album-mb.php?i=\1&lt;/url&gt;&lt;/details&gt;" dest="5">
			<expression noclean="1"/>
		</RegExp>
	</GetTADBAlbumDiscartByMBID>
	<ParseTADBAlbumDiscart dest="5">
		<RegExp input="$$2" output="&lt;details&gt;\1&lt;/details&gt;" dest="5">
			<RegExp input="$$1" output="&lt;thumb aspect=&quot;discart&quot; preview=&quot;\1/preview&quot;&gt;\1&lt;/thumb&gt;" dest="2">
				<expression repeat="yes">strAlbumCDart\d?&quot;:&quot;([^&quot;]*)</expression>
			</RegExp>
			<expression noclean="1" />
		</RegExp>
	</ParseTADBAlbumDiscart>

	<GetTADBAlbumSpineByID dest="5">
		<RegExp input="$$1" output="&lt;details&gt;&lt;url function=&quot;ParseTADBAlbumSpine&quot; cache=&quot;tadb-\1-album.json&quot;&gt;https://www.theaudiodb.com/api/v1/json/58424d43204d6564696120/album.php?m=\1&lt;/url&gt;&lt;/details&gt;" dest="5">
			<expression noclean="1"/>
		</RegExp>
	</GetTADBAlbumSpineByID>
	<GetTADBAlbumSpineByMBID dest="5">
		<RegExp input="$$1" output="&lt;details&gt;&lt;url function=&quot;ParseTADBAlbumSpine&quot; cache=&quot;tadb-\1-album.json&quot;&gt;https://www.theaudiodb.com/api/v1/json/58424d43204d6564696120/album-mb.php?i=\1&lt;/url&gt;&lt;/details&gt;" dest="5">
			<expression noclean="1"/>
		</RegExp>
	</GetTADBAlbumSpineByMBID>
	<ParseTADBAlbumSpine dest="5">
		<RegExp input="$$2" output="&lt;details&gt;\1&lt;/details&gt;" dest="5">
			<RegExp input="$$1" output="&lt;thumb aspect=&quot;spine&quot; preview=&quot;\1/preview&quot;&gt;\1&lt;/thumb&gt;" dest="2">
				<expression repeat="yes">strAlbumSpine\d?&quot;:&quot;([^&quot;]*)</expression>
			</RegExp>
			<expression noclean="1" />
		</RegExp>
	</ParseTADBAlbumSpine>

</scraperfunctions>
