{
	"icomoon-google": "google",
	"icomoon-home": "home",
	"icomoon-pencil": "pencil",
	"icomoon-image": "image",
	"icomoon-music2": "music2",
	"icomoon-headphones": "headphones",
	"icomoon-play": "play",
	"icomoon-film": "film",
	"icomoon-camera": "camera",
	"icomoon-pacman": "pacman",
	"icomoon-tag": "tag",
	"icomoon-tags": "tags",
	"icomoon-location": "location",
	"icomoon-screen": "screen",
	"icomoon-mobile": "mobile",
	"icomoon-tv": "tv",
	"icomoon-bubble": "bubble",
	"icomoon-bubbles": "bubbles",
	"icomoon-user": "user",
	"icomoon-spinner": "spinner",
	"icomoon-search": "search",
	"icomoon-key": "key",
	"icomoon-settings": "settings",
	"icomoon-cog": "cog",
	"icomoon-stats": "stats",
	"icomoon-switch": "switch",
	"icomoon-tree": "tree",
	"icomoon-cloud": "cloud",
	"icomoon-earth": "earth",
	"icomoon-link": "link",
	"icomoon-attachment": "attachment",
	"icomoon-star": "star",
	"icomoon-star2": "star2",
	"icomoon-heart": "heart",
	"icomoon-heart2": "heart2",
	"icomoon-smiley": "smiley",
	"icomoon-smiley2": "smiley2",
	"icomoon-info": "info",
	"icomoon-checkmark": "checkmark",
	"icomoon-arrow-right": "arrow right",
	"icomoon-arrow-left": "arrow left",
	"icomoon-arrow-right2": "arrow right2",
	"icomoon-arrow-left2": "arrow left2",
	"icomoon-share": "share",
	"icomoon-googleplus": "googleplus",
	"icomoon-facebook": "facebook",
	"icomoon-twitter": "twitter",
	"icomoon-feed": "feed",
	"icomoon-feed2": "feed2",
	"icomoon-youtube": "youtube",
	"icomoon-picasa": "picasa",
	"icomoon-github": "github",
	"icomoon-github2": "github2",
	"icomoon-github3": "github3",
	"icomoon-tux": "tux",
	"icomoon-apple": "apple",
	"icomoon-android": "android",
	"icomoon-windows8": "windows8",
	"icomoon-paypal": "paypal",
	"icomoon-file-zip": "file zip",
	"icomoon-file-css": "file css",
	"icomoon-imdb": "imdb",
	"icomoon-flatscreen": "flatscreen",
	"icomoon-clapperboard": "clapperboard",
	"icomoon-kodi-symbol": "kodi symbol",
	"icomoon-kodi-text": "kodi text",
	"icomoon-linux": "linux",
	"icomoon-music": "music",
	"icomoon-pi": "pi",
	"icomoon-network": "network",
	"icomoon-rss": "rss",
	"icomoon-statistics": "statistics",
	"icomoon-pie": "pie",
	"icomoon-minus": "minus",
	"icomoon-plus": "plus",
	"icomoon-info2": "info2",
	"icomoon-question": "question",
	"icomoon-help": "help",
	"icomoon-warning": "warning",
	"icomoon-list": "list",
	"icomoon-flow-tree": "flow tree",
	"icomoon-arrow-left3": "arrow left3",
	"icomoon-arrow-right3": "arrow right3",
	"icomoon-arrow-left4": "arrow left4",
	"icomoon-arrow-right4": "arrow right4",
	"icomoon-arrow-left5": "arrow left5",
	"icomoon-uniE654": "uniE654"
}
