<?xml version="1.0" encoding="UTF-8"?>
<keymap>
  <global>
    <appcommand>
      <browser_back>Back</browser_back>
      <browser_forward/>
      <browser_refresh/>
      <browser_stop>Stop</browser_stop>
      <browser_search/>
      <browser_favorites>ActivateWindow(FavouritesBrowser)</browser_favorites>
      <browser_home>FirstPage</browser_home>
      <volume_mute/>
      <volume_down/>
      <volume_up/>
      <next_track>SkipNext</next_track>
      <prev_track>SkipPrevious</prev_track>
      <stop>Stop</stop>
      <play_pause>PlayPause</play_pause>
      <launch_mail/>
      <launch_media_select>ActivateWindow(Music)</launch_media_select>
      <launch_app1>ActivateWindow(Programs)</launch_app1>
      <launch_app2>ActivateWindow(Programs)</launch_app2>
      <play>Play</play>
      <pause>Pause</pause>
      <fastforward>FastForward</fastforward>
      <rewind>Rewind</rewind>
      <channelup>PageUp</channelup>
      <channeldown>PageDown</channeldown>
    </appcommand>
  </global>
</keymap>
