<?xml version="1.0" encoding="utf-8" standalone="yes"?>
<Package IgnorableNamespaces="uap rescap" xmlns="http://schemas.microsoft.com/appx/manifest/foundation/windows10" xmlns:uap="http://schemas.microsoft.com/appx/manifest/uap/windows10" xmlns:rescap="http://schemas.microsoft.com/appx/manifest/foundation/windows10/restrictedcapabilities">
  <Identity Name="XBMCFoundation.Kodi" ProcessorArchitecture="x86" Publisher="CN=C62BD90A-CDD8-477F-96C3-B25992247B97" Version="21.0.0.0" />
  <Properties>
    <DisplayName>Kodi</DisplayName>
    <PublisherDisplayName>XBMC Foundation</PublisherDisplayName>
    <Description>Kodi is an open source (GPL) software media center for playing videos, music, pictures, games, and more.</Description>
    <Logo>media\icon256x256.png</Logo>
  </Properties>
  <Dependencies>
    <TargetDeviceFamily Name="Windows.Desktop" MinVersion="10.0.14393.351" MaxVersionTested="10.0.14393.351"/>
    <PackageDependency Publisher="CN=Microsoft Corporation, O=Microsoft Corporation, L=Redmond, S=Washington, C=US" Name="Microsoft.VCLibs.140.00.UWPDesktop" MinVersion="14.0.23810.0"/>
  </Dependencies>
  <Resources>
    <Resource Language="en-us"/>
  </Resources>
  <Applications>
    <Application Id="Kodi" Executable="Kodi.exe" EntryPoint="Windows.FullTrustApplication">
      <uap:VisualElements DisplayName="Kodi" Description="Kodi is an open source (GPL) software media center for playing videos, music, pictures, games, and more."
           Square150x150Logo="media\icon256x256.png" Square44x44Logo="media\icon48x48.png" BackgroundColor="transparent">
        <uap:DefaultTile Wide310x150Logo="media\banner.png" />
        <uap:InitialRotationPreference>
          <uap:Rotation Preference="landscape" />
          <uap:Rotation Preference="landscapeFlipped" />
        </uap:InitialRotationPreference>
      </uap:VisualElements>
      <Extensions>
        <uap:Extension Category="windows.protocol">
          <uap:Protocol Name="kodi" DesiredView="useMore">
            <uap:DisplayName>Kodi</uap:DisplayName>
          </uap:Protocol>
        </uap:Extension>
        <uap:Extension Category="windows.fileTypeAssociation">
          <uap:FileTypeAssociation Name="kodi">
            <uap:DisplayName>Kodi</uap:DisplayName>
            <uap:SupportedFileTypes>
              <uap:FileType>.3g2</uap:FileType>
              <uap:FileType>.3gp</uap:FileType>
              <uap:FileType>.aac</uap:FileType>
              <uap:FileType>.ac3</uap:FileType>
              <uap:FileType>.aif</uap:FileType>
              <uap:FileType>.aiff</uap:FileType>
              <uap:FileType>.ape</uap:FileType>
              <uap:FileType>.asf</uap:FileType>
              <uap:FileType>.asx</uap:FileType>
              <uap:FileType>.avi</uap:FileType>
              <uap:FileType>.avc</uap:FileType>
              <uap:FileType>.avs</uap:FileType>
              <uap:FileType>.bdmv</uap:FileType>
              <uap:FileType>.bin</uap:FileType>
              <uap:FileType>.bivx</uap:FileType>
              <uap:FileType>.cmc</uap:FileType>
              <uap:FileType>.cmr</uap:FileType>
              <uap:FileType>.cue</uap:FileType>
              <uap:FileType>.dat</uap:FileType>
              <uap:FileType>.divx</uap:FileType>
              <uap:FileType>.dff</uap:FileType>
              <uap:FileType>.dsf</uap:FileType>
              <uap:FileType>.dmc</uap:FileType>
              <uap:FileType>.dsp</uap:FileType>
              <uap:FileType>.dts</uap:FileType>
              <uap:FileType>.dv</uap:FileType>
              <uap:FileType>.dvr-ms</uap:FileType>
              <uap:FileType>.evo</uap:FileType>
              <uap:FileType>.flac</uap:FileType>
              <uap:FileType>.fli</uap:FileType>
              <uap:FileType>.flv</uap:FileType>
              <uap:FileType>.gcm</uap:FileType>
              <uap:FileType>.gdm</uap:FileType>
              <uap:FileType>.h264</uap:FileType>
              <uap:FileType>.idsp</uap:FileType>
              <uap:FileType>.ifo</uap:FileType>
              <uap:FileType>.imf</uap:FileType>
              <uap:FileType>.img</uap:FileType>
              <uap:FileType>.iso</uap:FileType>
              <uap:FileType>.m15</uap:FileType>
              <uap:FileType>.m2v</uap:FileType>
              <uap:FileType>.m2t</uap:FileType>
              <uap:FileType>.m2ts</uap:FileType>
              <uap:FileType>.m3u</uap:FileType>
              <uap:FileType>.m3u8</uap:FileType>
              <uap:FileType>.m4a</uap:FileType>
              <uap:FileType>.m4b</uap:FileType>
              <uap:FileType>.mac</uap:FileType>
              <uap:FileType>.mk3d</uap:FileType>
              <uap:FileType>.mka</uap:FileType>
              <uap:FileType>.mkv</uap:FileType>
              <uap:FileType>.mov</uap:FileType>
              <uap:FileType>.mp2</uap:FileType>
              <uap:FileType>.mp4</uap:FileType>
              <uap:FileType>.m4v</uap:FileType>
              <uap:FileType>.mp4v</uap:FileType>
              <uap:FileType>.mp+</uap:FileType>
              <uap:FileType>.mp3</uap:FileType>
              <uap:FileType>.mpa</uap:FileType>
              <uap:FileType>.mpc</uap:FileType>
              <uap:FileType>.mpd</uap:FileType>
              <uap:FileType>.mpdsp</uap:FileType>
              <uap:FileType>.mpeg</uap:FileType>
              <uap:FileType>.mpg</uap:FileType>
              <uap:FileType>.mpls</uap:FileType>
              <uap:FileType>.mpp</uap:FileType>
              <uap:FileType>.mpt</uap:FileType>
              <uap:FileType>.mss</uap:FileType>
              <uap:FileType>.mts</uap:FileType>
              <uap:FileType>.nrg</uap:FileType>
              <uap:FileType>.nsv</uap:FileType>
              <uap:FileType>.nuv</uap:FileType>
              <uap:FileType>.oga</uap:FileType>
              <uap:FileType>.ogg</uap:FileType>
              <uap:FileType>.ogm</uap:FileType>
              <uap:FileType>.ogv</uap:FileType>
              <uap:FileType>.opus</uap:FileType>
              <uap:FileType>.pls</uap:FileType>
              <uap:FileType>.pxml</uap:FileType>
              <uap:FileType>.rcv</uap:FileType>
              <uap:FileType>.rec</uap:FileType>
              <uap:FileType>.rsd</uap:FileType>
              <uap:FileType>.rss</uap:FileType>
              <uap:FileType>.pva</uap:FileType>
              <uap:FileType>.qt</uap:FileType>
              <uap:FileType>.sap</uap:FileType>
              <uap:FileType>.sfx</uap:FileType>
              <uap:FileType>.shn</uap:FileType>
              <uap:FileType>.sdp</uap:FileType>
              <uap:FileType>.spt</uap:FileType>
              <uap:FileType>.strm</uap:FileType>
              <uap:FileType>.svq3</uap:FileType>
              <uap:FileType>.tak</uap:FileType>
              <uap:FileType>.tm2</uap:FileType>
              <uap:FileType>.tm8</uap:FileType>
              <uap:FileType>.tmc</uap:FileType>
              <uap:FileType>.tp</uap:FileType>
              <uap:FileType>.ts</uap:FileType>
              <uap:FileType>.tta</uap:FileType>
              <uap:FileType>.ty</uap:FileType>
              <uap:FileType>.uni</uap:FileType>
              <uap:FileType>.vc1</uap:FileType>
              <uap:FileType>.vdr</uap:FileType>
              <uap:FileType>.viv</uap:FileType>
              <uap:FileType>.vp3</uap:FileType>
              <uap:FileType>.vob</uap:FileType>
              <uap:FileType>.waa</uap:FileType>
              <uap:FileType>.wam</uap:FileType>
              <uap:FileType>.wav</uap:FileType>
              <uap:FileType>.webm</uap:FileType>
              <uap:FileType>.wma</uap:FileType>
              <uap:FileType>.wmv</uap:FileType>
              <uap:FileType>.wpl</uap:FileType>
              <uap:FileType>.wtv</uap:FileType>
              <uap:FileType>.wv</uap:FileType>
              <uap:FileType>.wvs</uap:FileType>
              <uap:FileType>.xsp</uap:FileType>
              <uap:FileType>.xvid</uap:FileType>
              <uap:FileType>.xwav</uap:FileType>
              <uap:FileType>.zip</uap:FileType>
            </uap:SupportedFileTypes>
          </uap:FileTypeAssociation>
        </uap:Extension>
      </Extensions>
    </Application>
  </Applications>
  <Capabilities>
    <rescap:Capability Name="runFullTrust" />
    <Capability Name="internetClient" />
    <Capability Name="privateNetworkClientServer" />
    <Capability Name="internetClientServer" />
    <uap:Capability Name="musicLibrary" />
    <uap:Capability Name="videosLibrary" />
    <uap:Capability Name="removableStorage" />
    <uap:Capability Name="picturesLibrary" />
    <rescap:Capability Name="hevcPlayback" />
  </Capabilities>
</Package>
