<?xml version="1.0" encoding="UTF-8"?>
<window>
	<include>dialogeffect</include>
	<controls>
		<control type="group">
			<posx>364</posx>
			<posy>10</posy>
			<include>16x9_xPos_Relocation</include>
			<visible>![Window.IsVisible(Notification)]</visible>
			<control type="label">
				<description>label</description>
				<posx>0</posx>
				<posy>0</posy>
				<height>32</height>
				<width>400</width>
				<label>13376</label>
				<font>font20_title</font>
				<aligny>center</aligny>
			</control>
			<control type="label">
				<description>Volumelabel</description>
				<posx>552</posx>
				<posy>0</posy>
				<width>180</width>
				<height>32</height>
				<label>$INFO[Control.GetLabel(1)]</label>
				<font>font20_title</font>
				<align>right</align>
				<aligny>center</aligny>
			</control>
			<control type="progress" id="2">
				<description>Volume</description>
				<posx>0</posx>
				<posy>34</posy>
				<width>552</width>
				<height>24</height>
				<texturebg colordiffuse="grey3">white.png</texturebg>
				<midtexture colordiffuse="blue">white.png</midtexture>
				<info>Player.Volume</info>
			</control>
			<control type="slider" id="1">
				<description>Volume Slider</description>
				<posx>0</posx>
				<posy>30</posy>
				<width>552</width>
				<height>32</height>
 				<info>Player.Volume</info>
				<texturesliderbar></texturesliderbar>
				<textureslidernib></textureslidernib>
				<textureslidernibfocus></textureslidernibfocus>
			</control>
		</control>
	</controls>
</window>
